gvkey,sector
001013,45
001045,20
001062,40
001078,35
001094,35
001117,45
001161,45
001173,20
001177,35
001209,15
001210,20
001327,45
001356,15
001380,10
001382,20
001414,40
001439,20
001440,55
001447,40
001449,40
001468,25
001487,40
001533,15
001598,20
001602,35
001632,45
001633,35
001634,45
001635,45
001661,10
001678,10
001681,15
001682,10
001690,45
001704,45
001712,15
001722,30
001773,45
001794,15
001823,20
001860,10
001878,45
001891,20
001913,15
001919,45
001949,60
001976,10
001988,15
002002,40
002005,40
002019,40
002044,35
002049,20
002052,10
002073,10
002111,35
002124,45
002136,50
002176,40
002184,25
002220,35
002222,35
002269,25
002270,10
002282,30
002285,20
002290,25
002295,10
002340,20
002390,30
002393,20
002403,35
002410,10
002411,50
002436,25
002444,25
002497,20
002504,45
002536,45
002547,35
002556,25
002574,20
002577,45
002581,45
002593,15
002615,45
002721,45
002735,60
002751,35
002771,20
002783,55
002787,20
002812,30
002817,20
002852,10
002884,50
002938,25
002940,35
002942,35
002968,40
002991,10
002999,20
003026,30
003028,25
003036,50
003062,20
003107,15
003121,30
003138,30
003144,30
003153,15
003157,45
003158,45
003169,35
003170,30
003198,10
003221,40
003226,50
003231,40
003243,40
003275,45
003278,20
003336,45
003358,45
003362,30
003382,50
003413,55
003429,60
003469,10
003532,45
003533,55
003562,60
003581,40
003594,10
003619,15
003622,25
003647,25
003650,20
003662,20
003708,25
003734,25
003735,35
003761,45
003801,20
003806,10
003813,30
003820,40
003835,20
003851,20
003897,55
003969,45
004001,25
004016,30
004029,55
004036,20
004040,20
004045,10
004066,50
004072,25
004091,20
004093,55
004115,20
004145,35
004194,45
004213,15
004245,35
004274,45
004279,45
004321,20
004322,25
004340,45
004341,25
004351,10
004352,45
004367,10
004383,55
004409,35
004423,20
004430,10
004439,45
004448,25
004460,20
004476,45
004497,10
004503,10
004510,15
004517,55
004560,25
004598,20
004600,25
004605,60
004606,40
004611,25
004640,40
004674,40
004685,40
004699,40
004707,60
004723,40
004737,40
004740,40
004809,30
004818,20
004839,25
004842,60
004843,35
004864,20
004900,45
004903,15
004926,15
004941,20
004988,50
004990,25
005018,20
005046,20
005047,20
005071,30
005072,40
005073,25
005109,25
005116,25
005125,25
005149,60
005165,20
005179,15
005180,35
005229,20
005234,25
005237,20
005242,40
005250,15
005252,20
005256,20
005284,50
005296,40
005342,40
005379,10
005439,10
005492,20
005496,20
005518,25
005523,25
005539,20
005543,60
005567,20
005572,25
005581,10
005594,20
005597,30
005600,20
005606,45
005608,20
005621,20
005650,20
005667,10
005680,25
005691,25
005709,30
005723,25
005742,55
005763,60
005791,45
005831,45
005849,25
005860,20
005862,60
005888,35
005918,55
005959,20
005968,15
005987,20
006003,45
006008,45
006013,45
006066,45
006081,20
006100,45
006109,45
006110,35
006115,20
006130,45
006136,50
006194,10
006196,45
006213,40
006216,20
006239,40
006242,15
006266,35
006268,20
006304,45
006307,25
006310,10
006311,10
006315,35
006326,20
006338,55
006375,30
006386,20
006397,55
006416,45
006433,20
006435,30
006461,20
006497,25
006502,30
006506,20
006509,45
006512,45
006529,45
006532,45
006534,20
006543,25
006547,55
006565,45
006573,30
006653,40
006661,25
006669,25
006682,40
006730,35
006733,25
006768,25
006774,20
006781,40
006788,10
006791,40
006821,15
006829,25
006845,20
006848,45
006865,25
006900,45
006946,25
006972,20
007017,10
007034,10
007063,60
007085,20
007092,40
007107,15
007116,25
007124,45
007146,30
007152,10
007154,25
007163,40
007171,35
007186,35
007192,45
007205,35
007228,35
007241,35
007257,35
007260,50
007291,45
007300,20
007309,10
007316,25
007343,45
007346,45
007366,55
007368,55
007422,10
007435,20
007437,55
007447,40
007469,45
007471,20
007486,20
007506,45
007509,15
007525,60
007526,35
007549,20
007585,45
007620,10
007637,35
007647,40
007648,45
007658,20
007682,45
007694,35
007696,25
007733,55
007741,35
007750,35
007759,20
007762,20
007772,45
007875,25
007881,15
007906,25
007912,10
007922,25
007923,20
007938,10
007951,25
007970,55
007974,55
007977,55
007980,45
007985,20
007991,20
007994,10
008007,40
008020,35
008030,15
008065,10
008068,10
008092,10
008099,55
008101,25
008105,30
008148,60
008151,10
008169,45
008176,20
008210,10
008213,35
008214,20
008215,15
008219,25
008229,20
008245,40
008247,15
008253,20
008264,55
008272,55
008304,20
008326,55
008333,35
008334,45
008348,20
008350,20
008357,10
008358,20
008363,60
008387,10
008402,20
008440,10
008455,55
008457,60
008463,20
008479,30
008512,10
008530,35
008539,55
008542,55
008543,30
008544,50
008546,35
008549,10
008551,25
008579,25
008582,30
008599,45
008606,20
008633,45
008661,20
008694,55
008717,20
008762,30
008823,25
008826,55
008832,20
008838,10
008850,15
008864,45
008867,45
008892,20
008901,10
008902,15
008958,20
008972,20
009016,20
009023,25
009063,25
009125,45
009155,30
009248,25
009256,40
009258,10
009273,15
009284,30
009289,25
009299,20
009302,25
009325,20
009359,30
009372,35
009465,10
009472,15
009521,30
009551,45
009590,35
009599,45
009664,50
009667,15
009693,10
009698,20
009699,15
009728,15
009799,45
009815,15
009818,25
009835,10
009850,55
009860,10
009867,10
009882,20
009890,55
009899,50
009904,10
009916,35
009919,20
009937,45
009954,45
009999,45
010000,25
010002,25
010016,20
010035,40
010086,40
010096,60
010115,35
010156,10
010187,40
010190,30
010195,25
010213,45
010215,25
010221,10
010244,35
010247,30
010277,55
010286,45
010305,45
010345,30
010364,45
010382,20
010386,20
010405,20
010420,45
010443,25
010453,45
010466,10
010484,20
010499,45
010504,10
010519,20
010530,35
010549,25
010564,10
010565,10
010609,30
010629,60
010631,45
010678,10
010735,20
010757,55
010787,20
010793,30
010813,20
010816,20
010832,40
010839,25
010846,30
010860,55
010877,10
010902,30
010903,35
010920,20
010930,15
010938,10
010981,20
010983,20
010984,50
010991,25
011017,30
011027,45
011060,25
011065,20
011115,35
011124,45
011169,45
011191,45
011213,20
011220,60
011228,15
011234,30
011259,30
011264,30
011300,25
011301,60
011302,20
011340,60
011343,30
011399,45
011440,10
011446,15
011456,60
011465,25
011499,50
011506,10
011511,25
011580,20
011584,25
011636,45
011644,10
011649,20
011669,25
011670,30
011672,25
011721,20
011738,40
011745,45
011756,60
011796,25
011856,40
011910,45
011923,10
011925,10
011929,35
011930,30
011944,25
012053,45
012081,60
012096,25
012123,25
012124,40
012138,40
012140,60
012141,45
012142,45
012151,30
012171,45
012181,35
012206,25
012212,45
012215,45
012216,45
012233,35
012234,45
012250,35
012252,35
012256,10
012257,35
012294,10
012338,35
012378,25
012379,20
012384,10
012389,25
012392,20
012407,40
012421,45
012432,10
012433,35
012441,45
012458,35
012482,45
012485,50
012522,20
012540,45
012544,60
012578,15
012589,35
012597,25
012598,20
012615,25
012625,20
012669,25
012689,25
012691,35
012708,10
012713,35
012719,35
012756,30
012761,30
012788,25
012796,20
012803,45
012833,10
012868,25
012892,10
012915,35
012926,60
012945,45
013011,45
013124,40
013125,60
013163,30
013189,60
013200,45
013235,35
013251,60
013312,15
013323,30
013328,20
013362,25
013375,50
013381,25
013409,15
013431,10
013432,10
013440,50
013498,25
013540,30
013562,60
013579,60
013599,35
013630,20
013634,25
013646,25
013657,35
013683,50
013700,35
013765,30
013782,20
013786,35
013800,35
013824,45
013835,35
013839,35
013888,40
013971,15
013988,40
014043,40
014102,35
014140,40
014150,25
014155,10
014182,15
014252,45
014256,45
014275,40
014282,45
014304,35
014309,30
014311,25
014316,10
014324,45
014359,10
014401,40
014412,25
014417,45
014477,20
014489,45
014538,35
014583,60
014590,15
014597,35
014603,35
014605,50
014623,45
014650,45
014729,UNKNOWN
014752,UNKNOWN
014790,25
014793,15
014794,15
014824,40
014895,20
014908,10
014924,60
014934,10
014938,45
014960,35
015027,15
015037,15
015056,45
015060,10
015087,30
015093,10
015101,40
015106,35
015111,60
015129,15
015142,60
015148,30
015172,25
015212,10
015247,10
015252,15
015253,25
015267,20
015274,15
015314,20
015319,10
015327,45
015396,15
015414,35
015420,45
015444,15
015459,15
015489,35
015509,40
015520,25
015521,25
015539,35
015545,40
015576,40
015617,40
015634,40
015704,20
015708,35
015803,35
015855,45
016009,25
016026,10
016051,40
016101,35
016116,60
016125,60
016188,45
016225,10
016269,35
016401,45
016416,45
016453,35
016476,25
016477,25
016478,10
016486,20
016582,15
016597,45
016653,25
016700,60
016720,60
016721,50
016738,25
016745,35
016775,40
016878,15
016947,35
017101,35
017200,UNKNOWN
017228,10
017239,35
017266,35
017277,20
017287,15
017350,35
017376,45
017396,45
017408,10
017454,10
017494,30
017505,45
017550,45
017553,45
017556,60
017567,35
017626,60
017628,10
017651,35
017653,35
017699,25
017808,35
017812,20
017874,50
017878,40
017910,35
017928,35
017931,35
017934,30
017941,10
017956,10
017997,15
017998,35
018003,20
018005,40
018009,35
018036,45
018043,50
018050,45
018071,60
018086,35
018103,60
018104,40
018109,10
018115,35
018145,60
018159,35
018161,35
018172,35
018179,10
018204,35
018235,10
018240,20
018261,40
018271,45
018276,40
018289,10
018293,55
018306,40
018312,30
018315,35
018320,25
018321,15
018339,25
018383,60
018386,50
018424,35
018430,35
018443,10
018465,10
018468,10
018469,35
018494,60
018498,25
018509,45
018510,35
018561,45
018562,35
018564,45
018571,45
018578,60
018623,45
018624,35
018626,45
018629,25
018630,45
018636,30
018658,35
018660,10
018675,25
018677,55
018679,45
018695,40
018699,45
018745,40
018748,20
018749,35
018841,35
018850,60
018868,15
018872,50
018878,35
018879,45
018888,35
018892,50
018899,35
018926,10
018938,35
018947,35
018952,60
018975,45
018983,35
019025,35
019071,25
019104,10
019129,55
019143,35
019149,35
019151,50
019171,10
019172,25
019175,25
019184,10
019209,15
019349,20
019377,10
019391,25
019394,50
019402,25
019412,35
019433,10
019458,35
019470,35
019471,35
019507,60
019511,35
019516,25
019518,45
019526,60
019534,35
019581,25
019582,60
019600,35
019602,45
019649,25
019661,25
019744,25
019784,35
019800,60
019807,20
019845,35
019849,45
019851,60
019855,60
019858,20
019859,35
019877,45
019908,45
019910,45
019911,25
019912,35
019965,15
019966,60
019967,35
019988,35
019998,35
020010,35
020011,15
020020,20
020033,35
020040,35
020059,60
020067,25
020088,45
020090,45
020115,35
020126,20
020128,45
020129,45
020136,40
020147,10
020168,10
020179,10
020185,15
020196,25
020202,35
020204,25
020217,10
020228,35
020232,45
020233,35
020245,35
020259,10
020280,60
020298,10
020344,60
020412,40
020420,15
020423,25
020477,40
020496,20
020502,15
020513,10
020534,10
020537,10
020548,10
020554,35
020567,35
020643,35
020644,25
020645,35
020653,10
020659,35
020672,35
020692,45
020699,50
020747,10
020748,45
020756,35
020779,45
020798,35
020904,35
020943,35
020949,45
020959,60
020961,50
021002,45
021003,35
021004,35
021010,10
021012,35
021015,35
021016,35
021020,35
021040,45
021047,35
021118,35
021132,35
021138,45
021145,35
021150,35
021165,10
021186,35
021232,50
021237,10
021261,20
021352,35
021427,25
021431,10
021487,20
021496,20
021503,40
021515,20
021522,35
021524,35
021540,25
021595,40
021604,60
021626,20
021627,35
021630,60
021635,35
021652,10
021732,10
021744,35
021761,45
021776,35
021798,30
021808,25
021816,45
021834,10
021841,35
021845,25
021847,45
021867,60
021898,25
021901,35
022025,60
022037,35
022039,35
022053,10
022059,45
022124,60
022134,15
022165,40
022168,25
022178,45
022180,25
022205,25
022207,20
022229,35
022230,35
022260,35
022284,10
022318,40
022325,45
022362,20
022405,60
022439,40
022459,60
022583,20
022590,35
022604,35
022632,35
022653,25
022674,60
022697,35
022709,35
022731,20
022734,35
022797,20
022829,25
022861,60
022962,10
023002,10
023062,25
023077,50
023084,45
023092,35
023093,15
023109,35
023119,45
023147,60
023167,20
023195,20
023220,20
023224,20
023225,50
023226,45
023243,20
023249,45
023287,55
023291,35
023335,35
023339,35
023358,35
023363,40
023407,35
023423,45
023433,10
023464,35
023494,45
023537,10
023555,35
023556,60
023574,35
023577,25
023587,15
023698,40
023704,35
023714,35
023753,25
023767,45
023793,60
023809,25
023810,10
023812,35
023813,35
023818,35
023856,45
023864,10
023898,15
023943,45
023945,35
023978,15
023996,60
024021,35
024032,25
024040,35
024076,25
024084,35
024096,25
024099,25
024113,25
024131,10
024171,25
024176,35
024177,35
024204,50
024293,15
024302,35
024316,30
024318,40
024330,60
024344,35
024396,35
024405,45
024415,20
024426,25
024428,45
024436,45
024468,35
024481,50
024483,25
024506,35
024533,60
024554,UNKNOWN
024601,20
024610,45
024616,40
024625,10
024638,20
024678,40
024708,50
024710,35
024724,50
024731,60
024755,30
024782,35
024795,20
024800,45
024803,45
024810,10
024825,60
024843,35
024856,35
024861,25
024878,35
024888,35
024890,35
024893,30
024905,20
024912,45
024922,20
024937,45
024975,45
024990,30
024996,35
025021,25
025047,35
025056,25
025069,20
025095,35
025108,25
025110,35
025119,25
025157,45
025160,20
025166,45
025167,25
025180,20
025186,25
025234,25
025274,45
025279,35
025283,25
025320,45
025340,25
025349,35
025356,35
025357,25
025367,45
025396,35
025399,25
025424,30
025430,20
025434,25
025472,35
025495,55
025509,10
025527,25
025529,25
025536,30
025538,45
025539,45
025570,40
025600,60
025623,35
025633,60
025645,30
025648,35
025665,60
025676,45
025683,45
025726,20
025745,10
025747,45
025774,45
025776,15
025783,45
025848,45
025874,10
025893,20
025895,40
025904,35
025921,20
025923,25
025924,35
025929,20
025937,35
025950,60
025964,20
025978,45
025999,35
026011,45
026013,10
026021,20
026045,20
026061,50
026069,10
026094,35
026112,35
026123,35
026144,25
026146,35
026147,35
026156,45
026162,35
026187,45
026246,35
026269,35
026273,35
026297,40
026304,45
026336,35
026340,35
026341,35
026351,60
026359,35
026367,40
026376,35
026385,35
026410,60
026494,45
026514,45
026543,10
026545,60
026658,55
026676,55
026677,45
026709,45
026722,45
026746,45
026768,15
026798,35
026839,60
026863,25
026864,10
026874,35
026892,35
027119,15
027148,30
027155,35
027198,35
027199,10
027201,35
027240,25
027318,50
027333,25
027335,60
027354,35
027372,35
027373,25
027386,20
027387,45
027392,35
027393,25
027463,60
027476,35
027574,20
027576,30
027635,45
027653,25
027670,35
027677,10
027760,25
027780,60
027786,10
027794,45
027800,60
027802,20
027816,10
027828,25
027841,15
027845,35
027875,60
027905,35
027907,30
027914,35
027925,45
027928,45
027965,45
027980,25
027981,25
028004,30
028027,35
028071,45
028087,45
028091,20
028113,35
028119,60
028139,45
028169,15
028180,25
028192,20
028194,15
028195,45
028262,25
028266,45
028272,35
028295,20
028303,25
028320,45
028323,60
028338,10
028340,60
028349,40
028365,35
028378,50
028383,45
028386,45
028388,25
028408,25
028421,35
028456,10
028470,35
028485,60
028515,25
028518,25
028520,10
028535,15
028543,35
028564,10
028641,20
028648,25
028670,60
028717,20
028724,20
028742,25
028762,30
028769,60
028775,45
028787,30
028790,30
028806,35
028838,40
028853,45
028877,30
028916,45
028919,10
028924,25
028930,25
028938,45
028940,45
028998,25
029001,15
029004,35
029011,25
029013,35
029015,25
029028,30
029032,35
029052,60
029082,60
029086,35
029099,60
029127,35
029133,45
029150,25
029151,25
029155,50
029156,20
029191,45
029207,35
029241,45
029274,45
029278,35
029312,35
029375,45
029382,25
029386,45
029392,15
029433,45
029435,45
029449,35
029453,10
029517,30
029524,10
029537,50
029576,40
029609,30
029621,20
029627,25
029634,45
029670,15
029684,35
029698,45
029709,45
029710,35
029722,45
029736,25
029751,15
029755,25
029760,10
029762,20
029791,45
029819,35
029830,15
029837,35
029850,50
029868,60
029887,20
029894,20
029910,45
029930,25
029955,35
029962,30
029968,15
029984,60
030007,35
030059,25
030067,60
030091,50
030098,20
030137,35
030145,10
030169,25
030170,45
030185,35
030220,25
030232,UNKNOWN
030234,10
030255,35
030259,25
030260,20
030277,25
030284,10
030298,60
030311,35
030354,60
030397,15
030398,45
030428,10
030443,30
030463,20
030495,60
030501,40
030547,10
030571,15
030576,45
030614,20
030622,45
030637,60
030649,45
030655,45
030674,35
030710,45
030714,45
030736,45
030822,60
030838,10
030861,20
030877,20
030923,10
030990,40
030999,25
031059,35
031061,35
031091,45
031094,35
031112,35
031142,45
031170,15
031203,15
031227,25
031252,10
031255,45
031292,20
031343,30
031384,10
031405,35
031418,35
031453,45
031477,35
031494,45
031507,10
031519,15
031560,25
031567,25
031587,30
031616,35
031626,15
031656,35
031673,35
031743,45
031748,45
031802,25
031823,15
031825,25
031843,45
031845,10
031846,25
031848,35
031881,45
031914,60
032106,10
032154,60
032219,35
032245,35
032247,35
032267,35
032273,40
032280,25
032285,15
032303,10
032315,30
032334,35
032345,45
032352,25
032365,35
032372,10
032382,50
032383,35
032396,35
032413,10
032451,35
032469,45
032524,45
032525,35
032528,25
032574,25
032580,60
032638,45
032671,60
032674,35
032677,50
032715,35
032748,60
032749,35
032751,60
032767,40
032775,35
032804,25
032819,25
032843,20
032846,35
032851,45
032855,45
032886,20
032894,35
032897,35
032938,10
033064,25
033067,10
033068,25
033133,35
033152,45
033175,50
033240,35
033243,25
033274,35
033275,45
033279,20
033301,45
033326,10
033420,45
033433,60
033445,35
033476,25
033487,50
033499,35
033531,45
033532,45
033542,60
033595,35
033596,20
033598,20
033601,35
033635,35
033643,35
033647,25
033668,20
033684,60
033698,35
033700,10
033708,60
033725,45
033743,35
033749,35
033751,35
033759,45
033766,45
033767,25
033780,35
033809,60
033816,35
033850,45
033913,45
033955,35
033962,20
033997,35
034010,10
034015,35
034016,35
034034,10
034051,25
034053,20
034065,35
034067,25
034074,50
034077,35
034082,35
034102,35
034135,35
034160,35
034266,35
034296,10
034300,20
034361,35
034410,35
034412,10
034414,10
034420,60
034443,15
034447,30
034459,20
034467,25
034562,35
034584,45
034587,35
034593,35
034601,UNKNOWN
034616,35
034746,35
034753,60
034765,35
034883,35
034916,25
034919,40
034941,25
034970,60
035004,10
035014,35
035030,60
035035,25
035053,30
035055,50
035056,35
035077,20
035090,35
035099,20
035137,35
035154,35
035160,20
035168,15
035182,45
035245,50
035254,35
035255,35
035264,35
035270,35
035280,35
035287,25
035290,35
035306,35
035345,20
035376,35
035441,UNKNOWN
035451,25
035497,35
035530,10
035600,35
035614,45
035627,25
035638,35
035639,35
035647,35
035649,35
035653,35
035684,30
035708,35
035714,35
035727,35
035729,35
035747,35
035780,35
035793,60
035794,45
035836,35
035852,35
035858,45
035874,30
035909,45
035959,60
035978,15
036025,35
036028,35
036037,60
036083,35
036234,40
036263,35
036264,35
036301,35
036328,35
036333,35
036404,25
036444,50
036462,50
036464,35
036473,35
036475,35
036477,30
036500,60
036525,35
036556,35
036557,50
036565,20
036570,45
036599,35
036600,35
036619,35
036635,40
036677,35
036691,50
036700,35
036717,45
036726,30
036728,35
036767,35
036777,60
036788,45
036819,35
036828,35
036853,45
036898,45
036950,35
036967,60
036985,35
036987,35
036989,30
037013,35
037032,45
037035,35
037081,35
037090,45
037110,35
037134,35
037135,35
037153,45
037168,35
037180,45
037233,40
037282,35
037292,35
037325,35
037354,35
037413,40
037420,25
037460,25
037473,35
037480,45
037488,35
037490,25
037495,35
037502,25
037510,50
037527,35
037541,35
037559,35
037588,35
037593,45
037610,50
037617,20
037672,55
037673,40
037694,20
037752,50
037773,35
037775,20
037786,35
037793,25
037810,25
037811,35
037812,35
037839,25
037856,30
037862,35
037871,45
037925,35
038022,20
038038,20
038073,20
038081,25
038107,45
038125,20
038132,20
038222,60
038237,40
038333,35
038342,35
038389,35
038465,45
038469,35
038474,35
038491,45
038513,35
038616,40
038617,35
038621,30
038635,30
038647,20
038676,30
038745,35
038762,20
038770,25
038782,35
038805,35
038821,35
038832,40
038835,45
038870,20
038883,35
038908,35
038915,45
038920,35
038923,35
038936,25
038978,40
038986,35
038995,45
039041,10
039054,50
039056,45
039057,35
039061,25
039103,40
039121,45
039122,25
039124,50
039170,35
039190,35
039197,30
039246,35
039259,50
039276,25
039280,45
039291,35
039301,30
039309,50
039310,25
039316,20
039319,20
039359,35
039371,45
039402,35
039418,45
039448,45
039464,60
039481,25
039503,20
039508,35
039528,45
039542,30
039544,30
039556,25
039563,35
039596,20
039627,20
039633,35
039636,35
039663,60
039680,35
039683,35
039726,10
039734,35
039756,25
039782,35
039805,45
039806,35
039811,25
039815,20
039818,25
039820,25
039822,45
039823,25
039863,35
039869,35
039872,35
039877,30
039907,35
039941,35
039954,50
039961,25
039962,50
040224,10
040236,35
040248,60
040285,20
040305,20
040306,10
040383,10
040417,60
040460,45
040492,30
040605,35
040610,35
040645,20
041050,35
041426,50
041502,45
041507,25
041545,35
041615,35
041640,25
041687,40
041797,10
041818,35
041835,20
041878,35
041953,35
041995,25
041996,20
042033,20
042332,20
042895,40
042984,35
042987,30
043057,25
043113,25
043137,35
043236,30
043285,45
043363,45
043385,35
043439,25
043507,10
043521,60
043524,25
043792,35
043843,35
045081,25
045169,20
045232,20
045265,20
045319,20
045351,25
045388,35
045445,60
045461,50
045542,10
045686,20
045711,35
045775,30
045785,35
045802,20
050297,20
050389,60
050517,35
050619,60
050682,35
050688,20
050721,60
050763,35
051058,20
051139,45
051497,35
051654,20
051747,20
060707,45
060800,50
060801,45
060839,25
060846,45
060900,50
060923,25
060979,20
061028,45
061030,45
061034,10
061061,35
061077,45
061163,60
061179,20
061188,60
061214,45
061236,10
061285,40
061321,45
061325,35
061350,45
061399,35
061407,20
061408,40
061409,10
061420,25
061439,45
061448,35
061483,35
061487,40
061490,35
061494,35
061513,45
061552,45
061562,45
061567,30
061572,45
061584,35
061587,45
061591,45
061596,15
061600,35
061616,10
061646,45
061655,35
061676,45
061685,45
061703,35
061711,35
061712,45
061725,45
061739,40
061745,35
061759,10
061880,30
061903,45
061971,10
062055,35
062088,25
062168,35
062169,35
062217,45
062221,20
062263,35
062266,20
062268,20
062374,60
062382,35
062388,45
062399,45
062475,35
062549,45
062592,35
062597,45
062626,10
062655,30
062686,10
062723,45
062745,25
062823,20
062826,35
062921,35
062967,35
062977,35
062984,15
063000,20
063005,35
063018,35
063030,35
063099,45
063138,40
063186,35
063291,35
063405,35
063447,25
063490,35
063495,20
063501,40
063520,45
063531,45
063562,35
063605,55
063639,40
063640,45
063643,25
063645,35
063650,35
063671,30
063700,35
063789,35
063790,35
063847,25
063866,35
063876,20
063914,20
063919,45
063927,30
063938,45
063986,45
064004,35
064021,45
064055,20
064061,20
064063,10
064088,45
064102,30
064163,20
064165,45
064166,35
064194,40
064275,30
064302,20
064306,60
064327,35
064334,35
064346,45
064355,20
064356,45
064410,25
064480,45
064515,35
064549,20
064552,40
064568,10
064620,45
064630,50
064637,45
064690,25
064708,30
064766,45
064767,35
064768,25
064794,40
064821,60
064848,15
064853,45
064857,35
064891,25
064896,25
064901,20
064915,45
064925,60
064942,45
065006,10
065009,10
065011,35
065026,25
065036,45
065084,20
065105,30
065108,60
065220,10
065248,15
065270,45
065286,45
065290,60
065343,30
065378,15
065380,20
065399,20
065413,45
065417,25
065421,45
065430,25
065461,25
065527,45
065554,45
065590,25
065609,20
065640,60
065662,50
065671,10
065675,20
065676,45
065697,25
065710,60
065717,40
065718,25
065739,45
065765,25
065771,35
065831,25
065904,45
065905,35
065944,35
065967,35
065986,45
065991,35
066032,45
066060,35
066061,20
066228,10
066354,60
066366,35
066393,20
066446,20
066515,10
066588,35
066602,20
066683,35
066686,45
066697,35
066708,45
066731,40
066871,20
074628,20
100075,20
100243,15
100245,45
100338,20
100363,10
100418,35
100572,25
100644,20
100699,25
100718,35
101204,35
101276,25
101310,35
101317,35
101352,45
102422,15
102696,45
103487,45
105346,45
105365,60
105936,25
106100,35
106418,10
106574,15
106687,25
107446,45
107755,10
108345,40
108645,10
108693,30
108831,20
110039,45
110179,60
110382,60
110685,20
110728,35
110802,20
111103,25
111873,25
111880,45
112034,20
112095,45
112158,45
112754,35
112759,10
112774,45
112876,10
112968,30
113139,45
113362,45
113419,45
113490,60
113530,20
114203,45
114209,45
114484,50
114524,25
114628,40
115044,55
115831,45
116029,10
116166,45
116772,40
117115,45
117116,35
117142,35
117768,45
117829,35
117861,25
117903,40
118081,35
118122,25
118795,10
118941,50
119173,50
119275,45
119314,25
119316,20
119493,45
119574,45
119617,35
120093,10
120334,45
120359,50
120458,45
120774,45
120794,10
120816,45
120820,UNKNOWN
120877,30
121077,45
121142,25
121153,45
121257,40
121382,60
121440,35
121713,40
121718,45
121759,45
121815,40
122197,10
122211,25
122257,35
122266,15
122536,45
122678,25
122841,45
122902,45
122915,10
122916,35
123016,45
124036,45
124046,60
124049,45
124394,45
124434,40
124617,25
125274,45
125360,45
125595,45
125601,50
125604,20
126020,45
126056,20
126136,50
126296,25
126318,45
126417,45
126423,45
126434,45
127094,50
127234,35
128978,15
129466,35
129469,45
130762,45
132518,45
132758,45
133104,50
133288,45
133304,45
133346,45
133367,30
133432,45
133468,35
133504,35
133547,45
133724,35
133726,45
133766,35
133767,25
133768,40
133825,45
133868,35
133871,35
133885,35
133944,45
133945,45
134044,50
134384,45
134932,45
135044,45
135788,45
135844,20
135965,45
135990,55
136648,25
136725,35
136804,35
136884,35
137024,10
137066,50
137310,45
137435,50
137573,45
137602,45
137609,20
137641,45
137642,35
137943,50
138122,35
138126,35
138205,35
138466,35
138467,45
138501,45
138601,40
138608,35
138613,45
138662,35
138707,35
138743,60
138781,35
138921,45
139225,10
139665,40
139804,45
140023,35
140030,45
140033,55
140042,35
140044,35
140045,20
140073,35
140541,25
140672,35
140759,45
140760,15
140902,50
140905,10
141197,35
141277,35
141278,45
141359,20
141363,10
141389,45
141400,10
141459,25
141460,35
141496,35
141720,10
141846,35
141913,40
141982,10
142248,50
142260,10
142337,10
142339,10
142460,10
142540,10
142811,10
142812,15
142814,45
142933,10
143217,50
143357,45
143689,40
143710,20
143909,35
143974,40
144009,40
144058,25
144066,20
144115,45
144435,30
144437,45
144496,40
144520,35
144559,35
144647,40
144809,10
145046,35
145049,25
145350,55
145552,35
145729,10
145977,25
145979,20
146017,20
146137,10
146140,60
146156,35
146212,10
146500,35
147208,10
147303,25
147305,20
147398,10
147453,20
147579,50
147638,25
147639,20
147708,30
147868,25
148219,35
148221,15
148313,20
148328,20
148350,25
148390,45
148396,45
148410,25
148470,25
148950,20
149268,10
149318,25
149337,40
149477,25
149620,40
149683,25
149721,50
149738,40
149998,35
150139,25
150258,10
150277,10
150278,25
150477,40
150562,10
150681,35
150699,10
150837,10
150937,45
151161,30
151403,40
151576,UNKNOWN
151630,35
151632,10
152149,35
152809,15
152909,UNKNOWN
153668,25
154039,45
154357,10
154434,45
154605,35
154739,60
155133,10
155280,20
155393,10
155458,60
155616,50
155969,55
155970,55
156153,45
156155,45
156614,25
156617,35
156857,35
156861,25
157057,40
157074,10
157218,25
157373,55
157415,25
157493,40
157635,45
157679,60
157755,50
157855,45
157862,20
157954,35
158563,35
158743,30
158791,45
159194,10
160173,40
160183,25
160207,25
160213,45
160214,10
160216,45
160225,40
160232,45
160255,35
160256,50
160272,35
160288,UNKNOWN
160329,50
160340,35
160341,10
160367,35
160375,35
160378,60
160474,20
160479,60
160570,20
160578,35
160580,15
160598,20
160600,35
160621,10
160629,45
160631,45
160661,20
160668,35
160739,45
160770,35
160776,40
160779,15
160797,45
160798,50
160809,35
160838,10
160902,35
160912,25
160913,55
160990,60
160991,60
161000,40
161013,40
161036,25
161056,25
161067,40
161069,40
161813,20
161977,10
162160,60
162264,15
162272,10
162283,10
162329,50
162335,35
162338,20
162346,55
162354,45
162387,10
162448,10
162449,20
162501,50
162559,40
162584,40
162701,15
162720,20
162732,35
162733,45
162742,20
162809,35
162876,25
162887,35
162894,10
162907,45
163024,UNKNOWN
163036,20
163051,25
163113,15
163118,50
163124,25
163594,10
163595,15
163596,10
163627,30
163765,25
163772,45
163806,45
163877,20
163879,25
163884,60
163887,30
163893,35
163916,45
163921,10
163927,45
163930,20
163933,45
163935,10
163939,10
163946,15
163963,60
163977,25
163983,30
164046,10
164075,10
164109,10
164132,60
164211,45
164266,35
164283,25
164296,50
164364,40
164408,30
164411,35
164416,25
164432,45
164494,20
164506,20
164511,35
164532,50
164534,20
164557,20
164571,35
164572,40
164607,10
164612,35
164652,35
164660,50
164680,15
164746,45
164755,25
165051,20
165052,25
165123,20
165164,25
165179,35
165209,60
165215,35
165264,40
165358,20
165466,10
165534,45
165556,10
165649,10
165652,10
165675,50
165678,20
165680,45
165702,30
165734,10
165742,35
165746,50
165785,35
165913,20
165914,25
165927,15
166005,40
166061,10
166087,20
166213,20
166230,15
166303,45
166363,10
166368,40
166385,20
166435,35
166443,15
166458,10
166482,20
166562,45
166563,10
166593,45
166706,45
170360,10
170375,60
170384,50
170396,40
170527,30
170555,10
170615,45
170616,45
170617,50
170627,10
170639,10
170714,60
170748,10
170750,10
170773,10
170781,10
170841,10
170875,25
170945,35
170969,35
170975,20
171007,45
171067,45
171137,40
171139,10
171141,25
171212,10
174077,45
174121,20
174134,35
174136,35
174160,35
174169,10
174282,10
174310,20
174312,10
174317,45
174360,40
174389,40
174390,35
174393,20
174490,50
174507,35
174531,45
174648,35
174656,10
174700,20
174729,25
174876,35
174926,60
175004,50
175006,10
175064,35
175087,15
175110,20
175111,45
175157,10
175163,35
175264,20
175269,30
175271,10
175307,60
175308,35
175319,25
175404,45
175483,35
175510,10
175523,50
175533,35
175606,20
175654,20
175689,20
175739,25
175900,25
175955,45
175983,30
176017,35
176035,45
176070,10
176083,25
176092,20
176118,45
176152,20
176234,60
176237,35
176238,10
176259,10
176261,45
176268,60
176282,10
176289,45
176291,35
176305,45
176363,45
176404,25
176554,30
176556,45
176558,45
176567,45
176592,60
176594,35
176637,40
176659,10
176661,45
176733,10
176760,15
176781,45
176782,50
176840,10
176863,45
176874,30
176899,10
176954,50
176999,40
177009,40
177099,45
177108,50
177124,10
177222,45
177225,45
177227,35
177228,35
177257,45
177264,35
177287,35
177303,15
177315,45
177367,30
177465,25
177486,45
177487,10
177629,45
177637,50
177650,45
177697,15
177739,10
177744,45
177780,50
177872,45
177881,35
177884,10
177895,45
177924,35
177925,20
177943,50
177945,10
177953,25
177966,20
177975,25
177982,20
178015,25
178081,25
178083,45
178084,10
178106,35
178153,45
178201,25
178266,15
178310,45
178319,10
178494,45
178507,40
178519,40
178529,40
178538,15
178539,60
178540,25
178610,60
178644,20
178672,10
178684,10
178698,35
178704,25
178752,35
178767,50
178798,10
178803,35
178851,10
178862,40
178863,10
178865,45
178877,20
178921,10
178943,45
178976,25
179027,35
179058,20
179077,60
179082,45
179084,45
179087,10
179177,55
179184,45
179202,50
179417,20
179428,35
179438,35
179534,40
179583,45
179598,35
179648,45
179657,20
179686,35
179700,30
179731,35
179739,10
179782,10
179817,15
179831,10
179834,35
179841,35
179843,15
179925,45
179957,20
180145,10
180363,35
180405,50
180423,40
180562,20
180597,45
180711,45
180822,20
180866,30
181290,45
181617,35
181745,10
181794,35
181904,50
181931,15
181989,10
182012,45
182308,35
182701,60
182826,35
182986,20
183144,10
183257,35
183283,35
183312,60
183322,35
183366,25
183377,45
183524,50
183565,50
183593,35
183602,35
183603,40
183640,50
183666,45
183684,35
183739,35
183791,10
183833,60
183903,45
183920,45
183942,20
184006,10
184009,40
184046,35
184057,45
184101,45
184133,20
184155,45
184157,50
184182,45
184222,UNKNOWN
184237,35
184241,20
184254,40
184256,35
184263,50
184323,25
184378,30
184392,40
184442,10
184449,40
184487,35
184526,30
184551,45
184569,10
184592,45
184603,45
184672,25
184676,45
184702,45
184725,45
184748,20
184785,25
184868,20
184880,20
184899,40
184994,60
184996,25
185003,45
185018,60
185112,45
185119,20
185121,45
185138,45
185164,60
185165,60
185166,45
185177,60
185180,45
185181,30
185195,25
185276,50
185277,10
185289,35
185291,25
185326,25
185334,30
185339,60
185344,15
185345,60
185355,35
185372,25
185375,40
185396,60
185453,60
185517,45
185532,10
185549,60
185554,50
185618,60
185645,25
185654,10
185658,35
185661,45
185664,45
185689,15
185703,25
185769,25
185770,20
185836,35
185881,20
185943,45
185950,20
186019,10
186041,45
186045,35
186061,10
186106,45
186129,45
186152,UNKNOWN
186159,35
186206,10
186276,10
186278,20
186288,50
186310,20
186336,10
186342,45
186353,10
186451,45
186497,35
186501,10
186520,50
186590,40
186607,35
186671,40
186675,50
186683,45
186748,45
186773,15
186783,60
186836,10
186846,10
186876,45
186904,45
186953,35
186962,45
186989,10
186995,45
187040,25
187084,25
187122,50
187128,10
187165,50
187167,10
187215,50
187253,40
187363,25
187406,50
187450,45
187529,15
187550,15
187576,50
187607,45
187625,10
187631,35
187690,60
187697,45
187698,10
187711,30
187714,20
187722,45
187740,45
187766,10
187774,15
187810,10
187812,10
187958,10
187961,10
188255,20
188357,25
188663,10
188856,25
189459,40
189490,20
189567,40
189757,25
190455,45
190590,55
190959,50
194255,35
194256,60
194755,10
194956,45
196159,10
196268,50
196269,35
196355,45
197956,30
198058,25
199356,50
199456,30
200480,50
200512,15
201336,30
201395,45
203480,50
204867,45
207257,35
208068,45
209341,45
209382,15
209410,50
210418,20
211819,55
212340,35
212782,35
212950,55
213288,20
213412,45
216019,45
220211,15
220474,10
220487,20
220546,10
220940,50
221821,20
222111,10
222519,30
223098,35
223732,45
223911,50
224604,25
231016,35
232135,35
232623,35
233491,45
237269,35
238616,55
241216,15
241335,35
242977,45
243174,25
245207,35
247371,10
249158,10
252940,40
253527,35
254096,35
254338,50
254381,35
254399,35
259503,40
260737,20
260774,60
260775,50
260778,35
264265,35
264395,40
264397,45
264414,35
264416,45
264509,10
266214,40
266315,60
266316,35
266319,35
270151,45
270281,15
270705,45
271342,10
271357,35
271607,35
272872,35
273726,10
275264,35
276731,45
277323,20
277812,35
277918,25
278151,10
278153,35
281420,35
282189,10
282608,35
283184,15
284041,45
284745,45
285085,35
285556,35
286396,35
287111,35
287462,10
287882,10
291881,35
294524,15
295786,20
295917,35
296753,45
296944,10
297209,10
297507,25
311524,15
312066,25
313311,60
315629,45
315639,35
316056,20
318005,35
318525,35
319917,35
321764,35
323308,10
323476,35
324684,35
325211,10
325867,35
325942,50
328795,20
328920,15
332179,45
340388,50
345556,35
345764,45
348784,10
353444,35
